Entry Time,Exit Time,Symbol,Entry Price,Exit Price,Quantity,PnL ($),PnL (%),Win/Loss,Entry Reason,Exit Reason,Hold Time (min),Trailing Stop Used,Highest Price,Capital After,Notes
2026-02-14T09:23:51.582785,2026-02-16T08:23:53.008115,LQTYUSDT,0.278,0.269,7194.244604316546,-64.74820143884898,-3.237410071942449,Loss,SMA/EMA反発 + MACD上抜け + 出来高増,Max Hold Time,2820,No,0.284,7022.175963335548,LQTYUSDT_2026-02-14T09:23:51.582785
2026-02-14T09:52:18.928695,2026-02-15T08:33:46.150871,MANTAUSDT,0.0815,0.077425,19631.9018404908,-80.00000000000018,-5.0000000000000115,Loss,SMA/EMA反発 + MACD上抜け + 出来高増,Stop Loss,1361,No,0.0816,6588.8,MANTAUSDT_2026-02-14T09:52:18.928695
2026-02-14T09:54:35.532006,2026-02-15T02:34:14.493944,TNSRUSDT,0.05809,0.0551855,22034.773627130315,-64.0000000000001,-5.000000000000007,Loss,SMA/EMA反発 + MACD上抜け + 出来高増,Stop Loss,1000,No,0.05836,6336.0,TNSRUSDT_2026-02-14T09:54:35.532006
2026-02-15T02:40:41.621636,2026-02-15T12:41:09.100485,STGUSDT,0.1623,0.16363899999999998,7807.763401109058,10.454595194084865,0.8250154035736161,Win,SMA/EMA反発 + MACD上抜け + 出来高増,Trailing Stop,600,Yes,0.1687,6548.694595194085,STGUSDT_2026-02-15T02:40:41.621636
2026-02-15T09:04:52.784546,2026-02-15T17:45:11.673739,TNSRUSDT,0.0546,0.05187,24134.798534798538,-65.88800000000009,-5.000000000000006,Loss,SMA/EMA反発 + MACD上抜け + 出来高増,Stop Loss,520,No,0.05476,6490.827676155269,TNSRUSDT_2026-02-15T09:04:52.784546
2026-02-15T14:43:57.687918,2026-02-16T01:08:42.893837,ZROUSDT,1.817,1.7261499999999999,720.8249416834436,-65.48694595194092,-5.000000000000006,Loss,SMA/EMA反発 + MACD上抜け + 出来高増,Stop Loss,625,No,1.84,6436.914114011091,ZROUSDT_2026-02-15T14:43:57.687918
2026-02-15T18:43:00.956861,2026-02-16T01:44:57.856689,STGUSDT,0.1567,0.148865,8284.400352463648,-64.90827676155276,-5.000000000000005,Loss,SMA/EMA反発 + MACD上抜け + 出来高増,Stop Loss,422,No,0.1567,7670.171372480592,STGUSDT_2026-02-15T18:43:00.956861
2026-02-16T03:18:54.395958,2026-02-16T05:00:54.206802,TNSRUSDT,0.05103,0.056133899999999994,30061.420233120098,153.4304827278215,10.001763668430325,Win,SMA/EMA反発 + MACD上抜け + 出来高増,Trailing Stop,102,Yes,0.05787,7823.601855208414,TNSRUSDT_2026-02-16T03:18:54.395958
2026-02-16T05:02:11.115078,2026-02-16T05:03:24.439285,TNSRUSDT,0.05199,0.056133899999999994,30096.564166987555,124.71715225157949,7.970571263704543,Win,SMA/EMA反発 + MACD上抜け + 出来高増,Trailing Stop,1,Yes,0.05787,7948.319007459994,TNSRUSDT_2026-02-16T05:02:11.115078
2026-02-16T05:04:39.634536,2026-02-16T08:54:51.830675,TNSRUSDT,0.0518,0.0550863,30688.49037629342,100.85158592361303,6.344208494208492,Win,SMA/EMA反発 + MACD上抜け + 出来高増,Trailing Stop,230,Yes,0.05679,7659.364956250828,TNSRUSDT_2026-02-16T05:04:39.634536
2026-02-16T06:47:47.588036,2026-02-16T15:33:03.924749,MANTAUSDT,0.0787,0.080898,16159.225428127053,35.517977491023125,2.792884371029214,Win,SMA/EMA反発 + MACD上抜け + 出来高増,Trailing Stop,525,Yes,0.0834,7434.740983685285,MANTAUSDT_2026-02-16T06:47:47.588036
2026-02-16T08:24:44.428225,2026-02-16T16:47:33.286741,LRCUSDT,0.0331,0.03434,31822.54968278949,39.45996160665913,3.746223564954698,Win,SMA/EMA反発 + MACD上抜け + 出来高増,Max Hold Time,503,Yes,0.03456,7040.57914305522,LRCUSDT_2026-02-16T08:24:44.428225
2026-02-16T08:26:15.551649,2026-02-16T12:26:50.664693,ENSUSDT,6.87,6.73,130.324226393782,-18.245391695129438,-2.037845705967972,Loss,SMA/EMA反発 + MACD上抜け + 出来高増,Max Hold Time,241,No,6.9,6436.383128326992,ENSUSDT_2026-02-16T08:26:15.551649
2026-02-16T08:28:44.756583,2026-02-16T12:28:58.603907,CFXUSDT,0.0554,0.05527,13736.973285676715,-1.7858065271379477,-0.23465703971118804,Loss,SMA/EMA反発 + MACD上抜け + 出来高増,Max Hold Time,240,No,0.05553,6230.168172577295,CFXUSDT_2026-02-16T08:28:44.756583
2026-02-16T08:54:07.630948,2026-02-16T12:54:16.470187,ZECUSDT,285.59,301.11,3.14630894324818,48.830714799211876,5.4343639483175314,Win,SMA/EMA反発 + MACD上抜け + 出来高増,Max Hold Time,240,Yes,303.68,6243.02803259216,ZECUSDT_2026-02-16T08:54:07.630948
2026-02-16T09:28:54.421438,2026-02-17T02:04:19.964754,ZROUSDT,1.68,1.71593,911.829161458432,32.76202177120148,2.1386904761904773,Win,SMA/EMA反発 + MACD上抜け + 出来高増,Trailing Stop,995,Yes,1.769,7512.427799969595,ZROUSDT_2026-02-16T09:28:54.421438
2026-02-16T11:06:46.363176,2026-02-16T15:07:06.723037,COMPUSDT,20.0,19.95,48.07800673385928,-2.4039003366929985,-0.25000000000000355,Loss,SMA/EMA反発 + MACD上抜け + 出来高増,Max Hold Time,240,No,20.15,6265.7636712841695,COMPUSDT_2026-02-16T11:06:46.363176
2026-02-16T12:26:08.764299,2026-02-16T16:26:43.219335,JASMYUSDT,0.00598,0.00589,164055.7077915652,-14.765013701240834,-1.5050167224080235,Loss,SMA/EMA反発 + MACD上抜け + 出来高増,Max Hold Time,241,No,0.00606,6260.000606255588,JASMYUSDT_2026-02-16T12:26:08.764299
2026-02-16T12:27:06.909949,2026-02-16T13:50:24.336729,PEPEUSDT,4.528e-06,4.39216e-06,213219405.7528818,-28.963724077471436,-2.9999999999999973,Loss,SMA/EMA反発 + MACD上抜け + 出来高増,Stop Loss,83,No,4.571e-06,6243.067572874914,PEPEUSDT_2026-02-16T12:27:06.909949
2026-02-16T12:29:14.986949,2026-02-16T15:30:58.685373,ZROUSDT,1.683,1.63251,555.2734556664255,-28.035756776597907,-3.0000000000000084,Loss,SMA/EMA反発 + MACD上抜け + 出来高増,Stop Loss,182,No,1.697,6232.388589701541,ZROUSDT_2026-02-16T12:29:14.986949
2026-02-16T12:58:28.298121,2026-02-16T15:33:50.609196,CFXUSDT,0.05584,0.0541648,16770.3116921351,-28.093626146664747,-3.000000000000003,Loss,SMA/EMA反発 + MACD上抜け + 出来高増,Stop Loss,155,No,0.05596,6205.890879988469,CFXUSDT_2026-02-16T12:58:28.298121
2026-02-16T15:31:52.573806,2026-02-16T15:48:35.363544,LUNAUSDT,0.06685,0.06813939999999999,13984.417179584607,18.031507511356143,1.928795811518298,Win,SMA/EMA反発 + MACD上抜け + 出来高増,Trailing Stop,17,Yes,0.06953,6227.897043956787,LUNAUSDT_2026-02-16T15:31:52.573806
2026-02-16T16:42:23.038463,2026-02-18T01:28:59.590614,MANTAUSDT,0.0823,0.07818499999999999,18067.41429814164,-74.34740983685299,-5.000000000000009,Loss,SMA/EMA反発 + MACD上抜け + 出来高増,Stop Loss,1967,No,0.0825,7422.54302687588,MANTAUSDT_2026-02-16T16:42:23.038463
2026-02-16T16:51:47.442953,2026-02-16T20:52:15.784530,ZECUSDT,288.07,290.74,3.6660772432335302,9.788426239433583,0.9268580553337785,Win,SMA/EMA反発 + MACD上抜け + 出来高増,Max Hold Time,240,No,290.8,5389.670963926504,ZECUSDT_2026-02-16T16:51:47.442953
2026-02-16T17:18:19.969235,2026-02-16T21:18:22.634118,CFXUSDT,0.05465,0.0556,16425.870827804953,15.604577286414695,1.738334858188471,Win,SMA/EMA反発 + MACD上抜け + 出来高増,Max Hold Time,240,Yes,0.05563,5494.498737363483,CFXUSDT_2026-02-16T17:18:19.969235
2026-02-16T17:21:21.644319,2026-02-16T21:21:41.468008,C98USDT,0.02986,0.03074,25553.341079323825,22.486940149804937,2.9470864032149993,Win,SMA/EMA反発 + MACD上抜け + 出来高増,Max Hold Time,240,Yes,0.03074,5455.833631537375,C98USDT_2026-02-16T17:21:21.644319
2026-02-17T00:21:34.303257,2026-02-17T04:22:06.251816,POLUSDT,0.108,0.1077,10275.841882068056,-3.0827525646203626,-0.2777777777777729,Loss,SMA/EMA反発 + MACD上抜け + 出来高増,Max Hold Time,241,No,0.1083,5771.28547876872,POLUSDT_2026-02-17T00:21:34.303257
2026-02-17T00:29:44.842276,2026-02-17T02:06:08.085867,TNSRUSDT,0.05609,0.056134399999999994,16818.01185191385,0.746719726224858,0.07915849527543779,Win,SMA/EMA反発 + MACD上抜け + 出来高増,Trailing Stop,96,Yes,0.05728,5487.738009494106,TNSRUSDT_2026-02-17T00:29:44.842276
2026-02-17T00:31:03.927048,2026-02-17T04:31:06.317080,MANTAUSDT,0.0806,0.0811,9948.187866721719,4.974093933360864,0.6203473945409435,Win,SMA/EMA反発 + MACD上抜け + 出来高増,Max Hold Time,240,No,0.0817,5712.390692944544,MANTAUSDT_2026-02-17T00:31:03.927048
2026-02-17T02:06:59.790725,2026-02-17T06:07:23.378308,DYMUSDT,0.0476,0.048,17293.292046725124,6.917316818690008,0.8403361344537764,Win,SMA/EMA反発 + MACD上抜け + 出来高増,Max Hold Time,240,No,0.048,5685.610107245669,DYMUSDT_2026-02-17T02:06:59.790725
2026-02-17T04:23:00.004438,2026-02-17T08:23:09.360225,POLUSDT,0.1077,0.1081,8038.002059566462,3.2152008238265655,0.37140204271123267,Win,SMA/EMA反発 + MACD上抜け + 出来高増,Max Hold Time,240,No,0.1084,5701.676613797953,POLUSDT_2026-02-17T04:23:00.004438
2026-02-17T04:31:58.305242,2026-02-17T08:32:10.378987,PYTHUSDT,0.05719,0.05671,14982.664870461296,-7.191679137821337,-0.8393075712537059,Loss,SMA/EMA反発 + MACD上抜け + 出来高増,Max Hold Time,240,No,0.05741,5696.09204653212,PYTHUSDT_2026-02-17T04:31:58.305242
2026-02-17T06:12:50.235357,2026-02-17T10:13:20.131060,OMUSDT,0.0616,0.0609,13844.82980660471,-9.691380864623287,-1.136363636363635,Loss,SMA/EMA反発 + MACD上抜け + 出来高増,Max Hold Time,240,No,0.062,5684.828374774528,OMUSDT_2026-02-17T06:12:50.235357
2026-02-17T08:24:00.811251,2026-02-17T12:24:33.394889,ENSUSDT,6.75,6.69,126.70392475106563,-7.602235485063888,-0.8888888888888832,Loss,SMA/EMA反発 + MACD上抜け + 出来高増,Max Hold Time,241,No,6.76,5679.753375142978,ENSUSDT_2026-02-17T08:24:00.811251
2026-02-17T08:33:01.549898,2026-02-17T12:33:14.425415,PYTHUSDT,0.05668,0.05662,15074.343806983377,-0.9044606284190704,-0.10585744530699451,Loss,SMA/EMA反発 + MACD上抜け + 出来高増,Max Hold Time,240,No,0.05684,5681.29971522293,PYTHUSDT_2026-02-17T08:33:01.549898
2026-02-17T10:15:52.123240,2026-02-17T14:16:00.064527,LQTYUSDT,0.27,0.272,3158.237985985849,6.316475971971704,0.7407407407407414,Win,SMA/EMA反発 + MACD上抜け + 出来高増,Max Hold Time,240,No,0.273,5688.145490127642,LQTYUSDT_2026-02-17T10:15:52.123240
2026-02-17T12:27:22.773271,2026-02-17T16:27:23.760633,ENSUSDT,6.68,6.7,127.53937219632436,2.5507874439265463,0.29940119760479733,Win,SMA/EMA反発 + MACD上抜け + 出来高増,Max Hold Time,240,No,6.74,5681.206633423685,ENSUSDT_2026-02-17T12:27:22.773271
2026-02-17T12:34:07.973347,2026-02-17T16:34:12.862991,OMUSDT,0.0606,0.0607,14062.6230574825,1.4062623057481927,0.1650165016501583,Win,SMA/EMA反発 + MACD上抜け + 出来高増,Max Hold Time,240,No,0.0607,6534.807853012873,OMUSDT_2026-02-17T12:34:07.973347
2026-02-17T14:16:41.592666,2026-02-17T14:20:59.693170,OGNUSDT,0.0253,0.025774,33724.18274779234,15.985262622453527,1.8735177865612598,Win,SMA/EMA反発 + MACD上抜け + 出来高増,Trailing Stop,4,Yes,0.0263,5704.130752750096,OGNUSDT_2026-02-17T14:16:41.592666
2026-02-17T14:21:56.867209,2026-02-17T14:22:44.114086,OGNUSDT,0.0263,0.025511,32533.065129753395,-25.66858838737548,-3.0000000000000058,Loss,SMA/EMA反発 + MACD上抜け + 出来高増,Stop Loss,1,No,0.0263,5678.46216436272,OGNUSDT_2026-02-17T14:21:56.867209
2026-02-17T14:23:01.818435,2026-02-17T18:23:29.748811,MANTAUSDT,0.081,0.0804,10515.670674745776,-6.3094024048475,-0.7407407407407448,Loss,SMA/EMA反発 + MACD上抜け + 出来高増,Max Hold Time,240,No,0.0815,5566.858596051362,MANTAUSDT_2026-02-17T14:23:01.818435
2026-02-17T16:36:43.061890,2026-02-17T20:37:03.703900,PYTHUSDT,0.05705,0.05601,17181.791024573726,-17.869062665556662,-1.8229623137598585,Loss,SMA/EMA反発 + MACD上抜け + 出来高増,Max Hold Time,240,No,0.05707,5694.181921930031,PYTHUSDT_2026-02-17T16:36:43.061890
2026-02-17T16:37:53.037783,2026-02-17T20:37:57.143987,PEPEUSDT,4.489e-06,4.376e-06,185606594.17668554,-20.973545141965392,-2.5172644241479083,Loss,SMA/EMA反発 + MACD上抜け + 出来高増,Max Hold Time,240,No,4.498e-06,6506.396378047208,PEPEUSDT_2026-02-17T16:37:53.037783
2026-02-17T18:23:51.368253,2026-02-17T22:24:10.495355,DYMUSDT,0.0466,0.0459,17919.072734070905,-12.54335091384962,-1.5021459227467793,Loss,SMA/EMA反発 + MACD上抜け + 出来高増,Max Hold Time,240,No,0.0469,5523.356821632962,DYMUSDT_2026-02-17T18:23:51.368253
2026-02-17T21:01:34.899515,,ENSUSDT,6.69,,145.883326862045,,,Open,SMA/EMA反発 + MACD上抜け + 出来高増,,,No,6.69,5530.436921340127,ポジションID: ENSUSDT_2026-02-17T21:01:34.899515
2026-02-17T21:04:04.399875,,PYTHUSDT,0.05621,,14758.326600267193,,,Open,SMA/EMA反発 + MACD上抜け + 出来高増,,,No,0.05621,4700.871383139108,ポジションID: PYTHUSDT_2026-02-17T21:04:04.399875
2026-02-17T22:24:28.966324,,OMUSDT,0.0604,,13716.945749088482,,,Open,SMA/EMA反発 + MACD上抜け + 出来高増,,,No,0.0604,4694.853298388018,ポジションID: OMUSDT_2026-02-17T22:24:28.966324
2026-02-18T00:02:22.036862,2026-02-18T00:56:14.447453,ZECUSDT,296.68,297.6064,3.0385982742225677,2.8149574412397897,0.31225562896049647,Win,SMA/EMA反発 + MACD上抜け + 出来高増,Trailing Stop,54,Yes,303.68,5248.525584008379,ZECUSDT_2026-02-18T00:02:22.036862
2026-02-18T00:02:43.042101,2026-02-18T00:03:33.870377,JTOUSDT,0.3263,0.32732,2348.353158433646,2.395320221602368,0.31259577076310785,Win,SMA/EMA反発 + MACD上抜け + 出来高増,Trailing Stop,1,Yes,0.334,5110.846224200927,JTOUSDT_2026-02-18T00:02:43.042101
2026-02-18T00:04:05.368703,2026-02-18T04:04:26.454073,TAOUSDT,191.5,190.4,4.003273804857123,-4.403601185342813,-0.5744125326370727,Loss,SMA/EMA反発 + MACD上抜け + 出来高増,Max Hold Time,240,No,193.0,5223.4700788519185,TAOUSDT_2026-02-18T00:04:05.368703
2026-02-18T00:57:07.317716,2026-02-18T04:05:36.740071,MAGICUSDT,0.077,0.07468999999999999,10224.400488328012,-23.618365128037773,-3.0000000000000084,Loss,SMA/EMA反発 + MACD上抜け + 出来高増,Stop Loss,188,No,0.077,5987.130551325137,MAGICUSDT_2026-02-18T00:57:07.317716
2026-02-18T01:58:48.906287,,MANTAUSDT,0.0781,,19007.792642447836,,,Open,SMA/EMA反発 + MACD上抜け + 出来高増,,,No,0.0781,5938.034421500704,ポジションID: MANTAUSDT_2026-02-18T01:58:48.906287
2026-02-18T04:14:15.264969,,TAOUSDT,190.4,,4.716752009972534,,,Open,SMA/EMA反発 + MACD上抜け + 出来高増,,,No,190.4,5089.060968626367,ポジションID: TAOUSDT_2026-02-18T04:14:15.264969
2026-02-18T04:18:06.549646,,ZROUSDT,1.56,,489.33278544484295,,,Open,SMA/EMA反発 + MACD上抜け + 出来高増,,,No,1.56,4325.701823332412,ポジションID: ZROUSDT_2026-02-18T04:18:06.549646
2026-02-16T08:24:44.428225,2026-02-18T07:52:07.073444,LRCUSDT,0.0331,0.0331,31822.54968278949,0.0,0.0,Close,SMA/EMA反発 + MACD上抜け + 出来高増,手動クローズ（再スタート）,,False,0.0331,10000.0,手動クローズ（再スタートのため）_LRCUSDT
2026-02-16T16:42:23.038463,2026-02-18T07:52:07.073444,MANTAUSDT,0.0823,0.0823,18067.41429814164,0.0,0.0,Close,SMA/EMA反発 + MACD上抜け + 出来高増,手動クローズ（再スタート）,,False,0.0825,10000.0,手動クローズ（再スタートのため）_MANTAUSDT
2026-02-17T02:33:21.482944,2026-02-18T07:52:07.073444,LQTYUSDT,0.273,0.273,5503.6101098678355,0.0,0.0,Close,SMA/EMA反発 + MACD上抜け + 出来高増,手動クローズ（再スタート）,,False,0.278,10000.0,手動クローズ（再スタートのため）_LQTYUSDT
2026-02-18T04:14:15.264969,2026-02-18T07:52:07.073444,TAOUSDT,190.4,190.4,4.716752009972534,0.0,0.0,Close,SMA/EMA反発 + MACD上抜け + 出来高増,手動クローズ（再スタート）,,True,195.7,10000.0,手動クローズ（再スタートのため）_TAOUSDT
2026-02-18T04:18:06.549646,2026-02-18T07:52:07.073444,ZROUSDT,1.56,1.56,489.33278544484295,0.0,0.0,Close,SMA/EMA反発 + MACD上抜け + 出来高増,手動クローズ（再スタート）,,False,1.571,10000.0,手動クローズ（再スタートのため）_ZROUSDT
2026-02-18T08:00:00,2026-02-18T08:00:00,===RESTART===,0,0,0,0,0,RESTART,,第2セッション開始,0,No,0,10000.0,第2セッション開始 ($10,000)
2026-02-18T08:03:19.349397,2026-02-19T02:51:46.936715,LQTYUSDT,0.281,0.28324,7117.437722419928,15.943060498220383,0.7971530249110191,Win,SMA/EMA反発 + MACD上抜け + 出来高増,Trailing Stop,1128,Yes,0.292,7238.34306049822,LQTYUSDT_2026-02-18T08:03:19.349397
2026-02-18T08:18:57.255698,2026-02-18T18:20:08.839848,TNSRUSDT,0.05431,0.051594499999999995,29460.504511139756,-80.00000000000009,-5.000000000000005,Loss,SMA/EMA反発 + MACD上抜け + 出来高増,Stop Loss,601,No,0.05435,6640.0,TNSRUSDT_2026-02-18T08:18:57.255698
2026-02-18T08:21:30.822611,2026-02-18T22:24:44.924439,ZROUSDT,1.564,1.4858,818.4143222506393,-64.00000000000003,-5.000000000000003,Loss,SMA/EMA反発 + MACD上抜け + 出来高増,Stop Loss,843,No,1.57,6528.0,ZROUSDT_2026-02-18T08:21:30.822611
2026-02-18T19:12:35.041238,2026-02-19T13:39:45.370942,MANTAUSDT,0.0754,0.07162999999999999,17612.73209549072,-66.40000000000018,-5.000000000000012,Loss,SMA/EMA反発 + MACD上抜け + 出来高増,Stop Loss,1107,No,0.0755,9667.87962989324,MANTAUSDT_2026-02-18T19:12:35.041238
2026-02-18T22:52:40.406944,2026-02-19T13:15:26.177457,STGUSDT,0.1293,0.12283499999999999,10097.447795823668,-65.28000000000013,-5.00000000000001,Loss,SMA/EMA反発 + MACD上抜け + 出来高増,Stop Loss,863,No,0.1302,7030.994448398576,STGUSDT_2026-02-18T22:52:40.406944
2026-02-19T00:08:03.847091,2026-02-19T13:42:27.923597,MEUSDT,0.1293,0.12283499999999999,15245.166279969064,-98.56000000000019,-5.00000000000001,Loss,SMA/EMA反発 + MACD上抜け + 出来高増,Stop Loss,814,No,0.1296,2460.6545604246203,MEUSDT_2026-02-19T00:08:03.847091
2026-02-19T00:09:06.956422,2026-02-19T08:16:26.253675,TAOUSDT,183.3,184.828,10.753955264593563,16.432043644298872,0.8336061102018502,Win,SMA/EMA反発 + MACD上抜け + 出来高増,Trailing Stop,487,Yes,188.6,3267.6320436442984,TAOUSDT_2026-02-19T00:09:06.956422
2026-02-19T03:19:46.077477,2026-02-19T13:19:55.028277,TNSRUSDT,0.05205,0.0494475,27813.03769643889,-72.38343060498222,-5.000000000000002,Loss,SMA/EMA反発 + MACD上抜け + 出来高増,Stop Loss,600,No,0.05283,8406.279629893239,TNSRUSDT_2026-02-19T03:19:46.077477
2026-02-19T08:16:52.865357,2026-02-19T08:56:52.759419,BANUSDT,0.11969,0.12130439999999999,16496.66980306508,26.63222373006807,1.3488177792630862,Win,SMA/EMA反発 + MACD上抜け + 出来高増,Trailing Stop,40,Yes,0.12378,3294.2642673743667,BANUSDT_2026-02-19T08:16:52.865357
2026-02-19T08:57:50.076174,,BANUSDT,0.12152,,16292.074172768873,,,Open,SMA/EMA反発 + MACD上抜け + 出来高増,,,No,0.12152,1314.4514138994932,ポジションID: BANUSDT_2026-02-19T08:57:50.076174
2026-02-19T13:25:50.949107,2026-02-19T13:52:36.779849,PROMUSDT,1.421,1.34995,1384.065343754309,-98.33784267374374,-5.0000000000000036,Loss,SMA/EMA反発 + MACD上抜け + 出来高増,Stop Loss,27,No,1.424,4329.073571225749,PROMUSDT_2026-02-19T13:25:50.949107
2026-02-19T14:04:00.680083,2026-02-19T14:35:02.002887,RPLUSDT,2.284,2.28634,843.860457504433,1.9746334705605681,0.10245183887916949,Win,SMA/EMA反発 + MACD上抜け + 出来高増,Trailing Stop,31,Yes,2.333,2403.670919756185,RPLUSDT_2026-02-19T14:04:00.680083
2026-02-19T14:09:50.621108,2026-02-19T18:16:53.249268,OGUSDT,3.341,3.34572,576.8863468842037,2.7229035572933467,0.1412750673451013,Win,SMA/EMA反発 + MACD上抜け + 出来高増,Trailing Stop,247,Yes,3.414,2342.186551304394,OGUSDT_2026-02-19T14:09:50.621108
2026-02-19T14:36:42.217655,2026-02-19T15:41:25.037140,RPLUSDT,2.287,2.30692,842.9261966043887,16.79108983635937,0.8710100568430232,Win,SMA/EMA反発 + MACD上抜け + 出来高増,Trailing Stop,65,Yes,2.354,2420.4620095925443,RPLUSDT_2026-02-19T14:36:42.217655
2026-02-19T14:37:23.616985,2026-02-21T04:42:11.167487,LQTYUSDT,0.282,0.28518,6856.652219782441,21.80415405890827,1.1276595744680908,Win,SMA/EMA反発 + MACD上抜け + 出来高増,Trailing Stop,2285,Yes,0.294,2424.29005795106,LQTYUSDT_2026-02-19T14:37:23.616985
2026-02-19T15:42:31.811406,2026-02-19T16:32:26.005820,RPLUSDT,2.374,2.2553,813.4500545920423,-96.55652148007545,-5.000000000000001,Loss,SMA/EMA反発 + MACD上抜け + 出来高増,Stop Loss,50,No,2.402,2323.905488112469,RPLUSDT_2026-02-19T15:42:31.811406
2026-02-19T16:26:47.703620,2026-02-21T16:03:26.439694,MANTAUSDT,0.0707,0.07178,21879.21839862685,23.629555870516946,1.5275813295615244,Win,SMA/EMA反発 + MACD上抜け + 出来高増,Trailing Stop,2857,Yes,0.074,3994.780354604495,MANTAUSDT_2026-02-19T16:26:47.703620
2026-02-19T16:33:26.811268,,JTOUSDT,0.2845,,6719.926626732842,,,Open,SMA/EMA反発 + MACD上抜け + 出来高増,,,No,0.2845,412.08636280697556,ポジションID: JTOUSDT_2026-02-19T16:33:26.811268
2026-02-19T17:00:45.106378,2026-02-19T18:32:49.148915,STGUSDT,0.1224,0.124354,10110.200920149793,19.75533259797281,1.5964052287581791,Win,SMA/EMA反発 + MACD上抜け + 出来高増,Trailing Stop,92,Yes,0.1282,6207.198295729646,STGUSDT_2026-02-19T17:00:45.106378
2026-02-19T18:17:52.505232,,ZROUSDT,1.441,,1327.1087481033674,,,Open,SMA/EMA反発 + MACD上抜け + 出来高増,,,No,1.441,429.8228452874416,ポジションID: ZROUSDT_2026-02-19T18:17:52.505232
2026-02-19T19:58:55.230920,2026-02-20T17:02:47.362320,TNSRUSDT,0.04907,0.050905599999999995,25299.361303157308,46.439507608075374,3.7407784797228305,Win,SMA/EMA反発 + MACD上抜け + 出来高増,Trailing Stop,1264,Yes,0.05248,2421.646799822409,TNSRUSDT_2026-02-19T19:58:55.230920
2026-02-20T00:02:19.192169,2026-02-20T05:34:32.216521,BANUSDT,0.12032,0.12544,16103.116626481406,82.44795712758479,4.25531914893617,Win,SMA/EMA反発 + MACD上抜け + 出来高増,Trailing Stop,332,Yes,0.128,3033.1785215131295,BANUSDT_2026-02-20T00:02:19.192169
2026-02-20T00:03:59.278461,2026-02-20T02:54:08.871506,OPUSDT,0.1383,0.131385,14009.595028909924,-96.87634962491218,-5.000000000000003,Loss,SMA/EMA反発 + MACD上抜け + 出来高増,Stop Loss,170,No,0.1402,2931.355294460562,OPUSDT_2026-02-20T00:03:59.278461
2026-02-20T02:54:38.860263,2026-02-21T02:54:52.829947,OGUSDT,3.348,3.371,572.9246483193727,13.177266911345649,0.6869772998805297,Win,SMA/EMA反発 + MACD上抜け + 出来高増,Max Hold Time,1440,No,3.4,3134.521931651484,OGUSDT_2026-02-20T02:54:38.860263
2026-02-20T05:35:00.440402,2026-02-20T08:35:24.982558,MORPHOUSDT,1.4369,1.469608,1346.3994112316632,44.03803194256518,2.2762892337671348,Win,SMA/EMA反発 + MACD上抜け + 出来高増,Trailing Stop,180,Yes,1.4996,3077.2165534556943,MORPHOUSDT_2026-02-20T05:35:00.440402
2026-02-20T08:38:54.156406,2026-02-20T21:27:41.138152,FIDAUSDT,0.0181,0.018718,107372.86852968454,66.35643275134473,3.4143646408839614,Win,SMA/EMA反発 + MACD上抜け + 出来高増,Trailing Stop,769,Yes,0.0191,3143.5729862070393,FIDAUSDT_2026-02-20T08:38:54.156406
2026-02-20T12:19:14.490973,,ZROUSDT,1.478,,843.3406863780767,,,Open,SMA/EMA反発 + MACD上抜け + 出来高増,,,No,1.478,4985.8301378671895,ポジションID: ZROUSDT_2026-02-20T12:19:14.490973
2026-02-20T21:51:10.231214,2026-02-21T00:19:08.924082,ZROUSDT,1.642,1.65914,1191.668822739074,20.42520362174791,1.0438489646772324,Win,ロング: ゴールデンクロス + 価格>EMA200,Trailing Stop,148,Yes,1.693,3163.998189828787,ZROUSDT_2026-02-20T21:51:10.231214
2026-02-21T00:02:19.723401,2026-02-22T00:03:12.193121,OPUSDT,0.1287,0.1276,15172.78027901247,-16.690058306913983,-0.8547008547008683,Loss,ロング: SMA/EMA反発 + ゴールデンクロス,Max Hold Time,1441,No,0.1287,3969.003554311696,OPUSDT_2026-02-21T00:02:19.723401
2026-02-21T00:19:54.169370,2026-02-21T19:38:53.921713,GPSUSDT,0.01319,0.0133378,148658.47215025843,21.971722183808197,1.1205458680818803,Win,ロング: SMA/EMA反発 + ゴールデンクロス,Trailing Stop,1159,Yes,0.01361,3175.2808211911897,GPSUSDT_2026-02-21T00:19:54.169370
2026-02-21T02:59:34.032878,2026-02-21T10:49:37.205164,OPUSDT,0.1311,0.132888,14976.66438630189,26.77827592270796,1.3638443935926863,Win,ロング: ゴールデンクロス + 価格>EMA200,Trailing Stop,470,Yes,0.1356,3161.300207574192,OPUSDT_2026-02-21T02:59:34.032878
2026-02-21T03:29:12.090540,2026-02-21T10:00:18.870887,ARBUSDT,0.0969,0.10299799999999999,20200.37262483955,123.18187226627143,6.29308565531475,Win,ロング: ゴールデンクロス + 価格>EMA200,Trailing Stop,391,Yes,0.1051,2568.225099278917,ARBUSDT_2026-02-21T03:29:12.090540
2026-02-21T10:01:59.517099,2026-02-21T10:13:50.544336,BANUSDT,0.12728,0.1285172,15572.379649593073,19.266148102476453,0.9720301697045834,Win,ロング: SMA/EMA反発 + ゴールデンクロス,Trailing Stop,12,Yes,0.13114,2587.4912473813934,BANUSDT_2026-02-21T10:01:59.517099
2026-02-21T10:14:19.037407,2026-02-21T12:42:23.874045,INITUSDT,0.098,0.1029,20264.343994088795,-99.29528557103512,-5.000000000000002,Loss,ショート: デッドクロス + 価格<EMA200,Stop Loss,148,No,,2488.1959618103583,INITUSDT_2026-02-21T10:14:19.037407
2026-02-21T11:11:07.111617,,OGUSDT,3.341,,589.2835546928222,,,Open,ショート: デッドクロス + 価格<EMA200,,,No,3.341,1192.5038513454726,SHORT: OGUSDT_2026-02-21T11:11:07.111617
2026-02-21T12:46:56.354398,2026-02-21T19:42:09.618615,BANUSDT,0.12848,0.13490400000000002,15302.355653070474,-98.30233271532492,-5.00000000000001,Loss,ショート: SMA/EMA反発 + デッドクロス,Stop Loss,415,No,,2389.8936290950332,BANUSDT_2026-02-21T12:46:56.354398
2026-02-21T19:41:37.134520,2026-02-22T01:09:25.882626,OPUSDT,0.1289,0.126174,15307.918546667812,41.72938595821613,2.114817688130317,Win,ショート: デッドクロス + 価格<EMA200,Trailing Stop,328,Yes,,3217.0102071494057,OPUSDT_2026-02-21T19:41:37.134520
2026-02-21T19:43:20.654427,,OPUSDT,0.1286,,15135.195861301945,,,Open,ショート: デッドクロス + 価格<EMA200,,,No,0.1286,443.50744133160333,SHORT: OPUSDT_2026-02-21T19:43:20.654427
2026-02-22T00:02:09.221494,2026-02-22T07:24:30.188543,INJUSDT,3.74,3.66384,524.551755052083,39.94986166476676,2.0363636363636424,Win,ショート: SMA/EMA反発 + デッドクロス,Trailing Stop,442,Yes,,2096.029776043939,INJUSDT_2026-02-22T00:02:09.221494
2026-02-22T00:06:16.562546,2026-02-22T05:06:59.109051,HNTUSDT,1.52,1.4943000000000002,1288.4773369956627,33.113867560788314,1.6907894736841997,Win,ショート: SMA/EMA反発 + デッドクロス,Trailing Stop,301,Yes,,2064.6089450935697,HNTUSDT_2026-02-22T00:06:16.562546
2026-02-22T00:06:50.151438,2026-02-22T00:07:56.803605,ORCAUSDT,1.086,1.10054,1803.3936945059,26.22134431811578,1.338858195211786,Win,ロング: ゴールデンクロス + 価格>EMA200,Trailing Stop,1,Yes,1.123,2036.7393463964045,ORCAUSDT_2026-02-22T00:06:50.151438
2026-02-22T00:21:20.263096,,RPLUSDT,2.344,,837.7686950072656,,,Open,ショート: デッドクロス + 価格<EMA200,,,No,2.344,73.00952529937399,SHORT: RPLUSDT_2026-02-22T00:21:20.263096
2026-02-22T01:18:55.942654,,BANUSDT,0.13345,,14848.531868543456,,,Open,ロング: ゴールデンクロス + 価格>EMA200,,,No,0.13345,1235.4736292922814,LONG: BANUSDT_2026-02-22T01:18:55.942654
2026-02-22T05:12:02.093050,,APEUSDT,0.1077,,18294.824462480854,,,Open,ロング: SMA/EMA反発 + ゴールデンクロス,,,No,0.1077,94.25635048438153,LONG: APEUSDT_2026-02-22T05:12:02.093050
2026-02-22T07:24:48.076132,,HNTUSDT,1.487,,1330.4253980781045,,,Open,ショート: デッドクロス + 価格<EMA200,,,No,1.487,117.68720910179718,SHORT: HNTUSDT_2026-02-22T07:24:48.076132
